id,first_name,last_name,gender,department
101,Karlie,Tefft,Female,Automotive
102,Rodi,Franzoli,Female,Computers
103,Anabal,Endicott,Female,Kids
104,Roxi,Davidge,Female,Movies
105,Livy,Tweedy,Female,Health
106,Ezekiel,Keigher,Male,Health
107,Tamas,Couchman,Male,Games
108,Fons,Powrie,Male,Baby
109,Eleonora,Carous,Female,Sports
110,Oren,Redhead,Male,Shoes
111,Loydie,Croser,Male,Kids
112,Abbott,Crennan,Male,Toys
113,Miriam,Latta,Female,Movies
114,Sal,Janew,Male,Grocery
115,Alysa,Maseres,Female,Computers
116,Persis,Mougenel,Female,Health
117,Lind,Powdrill,Male,Movies
118,Olympia,Shillabeer,Female,Kids
119,Micah,Winnard,Male,Beauty
120,Aindrea,Giorgietto,Female,Kids
121,Celka,Huelin,Female,Sports
122,Mic,Gritton,Male,Movies
123,Ximenes,Aspall,Male,Tools
124,Maisie,Valde,Female,Computers
125,Nicola,Drance,Male,Outdoors
126,Holden,Gomar,Male,Outdoors
127,Carlie,Admans,Male,Movies
128,Rosina,McGourty,Female,Sports
129,Edee,Malcher,Female,Health
130,Lindsey,Hutcheon,Female,Automotive
131,Connor,Matis,Male,Electronics
132,Madelon,Chatan,Female,Sports
133,Eli,Balazin,Male,Tools
134,Roberto,Sawers,Male,Beauty
135,Dottie,Koenraad,Female,Tools
136,Keene,Vasiliu,Male,Shoes
137,Nikkie,Godsal,Female,Electronics
138,Sile,Pauleit,Female,Games
139,Nydia,Chellenham,Female,Beauty
140,Joly,Snasel,Female,Toys
141,Orton,Burnip,Male,Jewelery
142,Brena,Hubery,Female,Books
143,Richmound,Boutell,Male,Movies
144,Kristo,Staries,Male,Tools
145,Margo,Clewlowe,Female,Movies
146,Garret,Sprigin,Male,Computers
147,Felix,Berkery,Male,Jewelery
148,Olly,Rioch,Female,Baby
149,Rourke,Rawdall,Male,Shoes
150,Chen,Thursfield,Male,Home
151,Kathi,Pinnigar,Female,Clothing
152,Luther,Littley,Male,Kids
153,Silva,Tatham,Female,Kids
154,Arabelle,Luckey,Female,Home
155,Amanda,Yaneev,Female,Sports
156,Lorinda,Van der Linde,Female,Toys
157,Puff,Label,Male,Health
158,Gerik,Hinken,Male,Sports
159,Inger,Mitrikhin,Male,Electronics
160,Fitz,Stife,Male,Electronics
161,Cammi,Orae,Female,Home
162,Maure,Vlasyev,Female,Health
163,Willy,Stockey,Male,Computers
164,Romeo,Messum,Male,Jewelery
165,Brianne,Beddo,Female,Industrial
166,Arlette,Cudmore,Female,Shoes
167,Adolph,Varfolomeev,Male,Shoes
168,Gifford,Lidgertwood,Male,Tools
169,Muffin,Drescher,Male,Electronics
170,Erl,Pashba,Male,Music
171,Marcela,Starrs,Female,Outdoors
172,Conroy,Sheerin,Male,Electronics
173,Glyn,Ivashchenko,Male,Home
174,Marilyn,Montford,Female,Clothing
175,Doy,Leyden,Male,Shoes
176,Patti,Lathey,Female,Beauty
177,Kendell,Stancer,Male,Baby
178,Gracie,Parlor,Female,Jewelery
179,Hedi,Halligan,Female,Baby
180,Felicio,Gennrich,Male,Grocery
181,Clarey,Jakubovsky,Female,Outdoors
182,Elwood,Douthwaite,Male,Health
183,Elysee,Barkworth,Female,Clothing
184,Denney,Borham,Male,Garden
185,Bartholomeo,Skillett,Male,Sports
186,Isidor,Antonov,Male,Tools
187,Vonnie,Beckham,Female,Industrial
188,Brig,Baudins,Male,Shoes
189,Davida,Sanger,Female,Garden
190,Penrod,Bulmer,Male,Electronics
191,Tim,Guiet,Female,Grocery
192,Lyman,Winger,Male,Garden
193,Barri,Clemmey,Male,Grocery
194,Cleo,Werrett,Female,Computers
195,Vidovik,Aldin,Male,Grocery
196,Ferdie,Hounsham,Male,Shoes
197,Florian,Tesseyman,Male,Computers
198,Dodi,Stodart,Female,Beauty
199,Chrissy,Arnholtz,Female,Industrial
200,Clevey,Spurdon,Male,Kids
201,Amilcar,Apex,Male,Industrial
202,Breno,Monteiro,Male,Shoes
203,Marcos,Reuber,Male,Grocery
204,Laurindo,Daniel,Male,Computers
205,Henrique,Andrade,Male,Garden
206,Bob,Dilan,Male,Music
207,Rubens,Silva,Male,Automotive
208,Maria,Theodore,Female,Computers
209,Laura,Powerplan,Female,Shoes
210,Alan,Turing,Male,Computers
211,Fidela,Lipson,Female,Jewelery
212,Cathy,Dieter,Female,Baby
213,Ardelle,Avans,Female,Grocery
214,Tamara,Lew,Female,Outdoors
215,Homer,Chumbley,Male,Health
216,Reatha,Iglesias,Female,Clothing
217,Yasuko,Cover,Female,Garden
218,Neville,Calender,Male,Sports
219,Lakeesha,Seawood,Female,Tools
220,Benita,Christianson,Female,Industrial
221,Angelina,Statton,Female,Shoes
222,Berna,Dill,Female,Garden
223,Dwight,Stelzer,Male,Electronics
224,Virgen,Neihoff,Female,Grocery
225,Deeanna,Hopps,Female,Garden
226,Cristen,Taubman,Female,Grocery
227,Basilia,Dettman,Female,Computers
228,Francisca,Baxley,Female,Grocery
229,Lyndsey,Toon,Female,Shoes
230,Eugenio,Hebert,Male,Computers
231,Christal,Duropan,Female,Beauty
232,Malena,Kappel,Female,Industrial
233,Dorian,Reddish,Male,Kids
234,Leighann,Wardlaw,Female,Industrial
235,Fredericka,Darby,Female,Shoes
236,Marlon,Arnott,Male,Grocery
237,Rickey,Oswald,Male,Computers
238,Martha,Dahm,Female,Garden
239,Robt,Yager,Male,Music
240,Moira,Caso,Female,Automotive
241,Enedina,Â Wedgeworth,Female,Computers
242,Marie,Washburn,Female,Shoes
243,Jaimee,Yoshimura,Female,Computers
244,Yvette,Bustillos,Female,Grocery
245,Melita,Trenholm,Female,Computers
246,Emeline,Aitchison,Female,Grocery
247,Bret,Sorrentino,Male,Shoes
248,Sana,Linhart,Female,Computers
249,Armandina,Landi,Female,Beauty
250,Essie,Quintal,Female,Industrial
251,Constance,Braz,Female,Kids
252,Marx,Juneau,Female,Industrial
253,Carmelita,Peat,Female,Shoes
254,Cathrine,Amundson,Female,Industrial
255,Frederica,Bodnar,Female,Shoes
256,Bettyann,Gallop,Female,Grocery
257,Dann,Cossey,Female,Computers
258,Emelina,Lorenz,Female,Garden
259,Clifford,Garretson,Male,Music
260,Sixta,Rooks,Female,Automotive